INSERT INTO privacy_types (id_privacy_type,privacy) VALUES (190000000,0),(190000001,1);
INSERT INTO event_types (id_event_type,type) VALUES (160000000,0),(160000001,1);
INSERT INTO event_statuses (id_event_status,status) VALUES (150000000,0),(150000001,1),(150000002,2),(150000003,3),(150000004,4);
INSERT INTO users (id_user,email,name,password,surname,username,groupName) VALUES (200000001,'u1@mail.com','User1','7358bd4ec877e1b622397ab4f9706b76680348a2886bfc0a675ed0555085d0ea','Test','username1','USERS'),(200000002,'u2@mail.com','User2','7358bd4ec877e1b622397ab4f9706b76680348a2886bfc0a675ed0555085d0ea','Test','username2','USERS'),(200000003,'u3@mail.com','User3','7358bd4ec877e1b622397ab4f9706b76680348a2886bfc0a675ed0555085d0ea','Test','username3','USERS'),(200000004,'u4@mail.com','User4','7358bd4ec877e1b622397ab4f9706b76680348a2886bfc0a675ed0555085d0ea','Test','username4','USERS'),(200000005,'u5@mail.com','User5','7358bd4ec877e1b622397ab4f9706b76680348a2886bfc0a675ed0555085d0ea','Test','username5','USERS'),(200000006,'u6@mail.com','User6','7358bd4ec877e1b622397ab4f9706b76680348a2886bfc0a675ed0555085d0ea','Test','username6','USERS'),(200000007,'u7@mail.com','User7','7358bd4ec877e1b622397ab4f9706b76680348a2886bfc0a675ed0555085d0ea','Test','username7','USERS'),(200000050,'u8@mail.com','User8','7358bd4ec877e1b622397ab4f9706b76680348a2886bfc0a675ed0555085d0ea','Test','username8','USERS'),(200000100,'u10@mail.com','piter','7358bd4ec877e1b622397ab4f9706b76680348a2886bfc0a675ed0555085d0ea','piterson','username10','USERS'),(200000200,'mail@email.com','ime','7358bd4ec877e1b622397ab4f9706b76680348a2886bfc0a675ed0555085d0ea','prezime','username12','USERS'),(200000250,'milos.colic@elfak.rs','Milos','7358bd4ec877e1b622397ab4f9706b76680348a2886bfc0a675ed0555085d0ea','Colic','chola1990','USERS'),(200000300,'nemtajo@yahoo.com','Nemanja','7358bd4ec877e1b622397ab4f9706b76680348a2886bfc0a675ed0555085d0ea','Stolic','nemtajo','USERS');
INSERT INTO calendars (id_calendar,calendar_privacy,owner_calendar) VALUES (110000001,190000000,200000001),(110000002,190000000,200000002),(110000003,190000000,200000003),(110000004,190000000,200000004),(110000005,190000000,200000005),(110000006,190000000,200000006),(110000007,190000000,200000007),(110000050,190000000,200000050),(110000100,190000000,200000100),(110000200,190000000,200000200),(110000250,190000000,200000250),(110000300,190000000,200000300);
INSERT INTO events (id_event, begin_hour,city,date_created ,date_modified,dateOfEvent ,date_rescheduled,duration,passed,name ,street_and_number,event_privacy,event_type ,event_calendar, notify_owner) VALUES (130000150,'12:00:00','Madrid','2015-01-18',NULL,'2015-01-23',NULL,1,NULL,'Hala Madrid','Puertorica',190000000,160000000,110000250,0),(130000200,'22:45:00','Milan','2015-01-18',NULL,'2015-01-22',NULL,45,NULL,'test1','test1',190000000,160000000,110000250,0),(130000201,'12:54:00','Barcelona','2015-01-18',NULL,'2015-01-23',NULL,120,NULL,'test2','test2',190000000,160000000,110000250,0),(130000250,'22:00:00','Paris','2015-01-19',NULL,'2015-01-22',NULL,1,NULL,'Enter Event Name','Enter Address',190000000,160000000,110000250,0),(130000300,'01:37:25','Lisabon','2015-01-19',NULL,'2015-01-24',NULL,1,NULL,'Enter Event Name','Enter Address',190000000,160000000,110000002,0),(130000350,'13:14:42','Milan','2015-01-19',NULL,'2015-01-22',NULL,1,NULL,'Enter Event Name','Enter Address',190000000,160000000,110000250,0),(130000400,'13:45:25','Barcelona','2015-01-19',NULL,'2015-01-23',NULL,1,NULL,'test','Enter Address',190000000,160000000,110000250,0),(130000450,'13:50:26','Paris','2015-01-19',NULL,'2015-01-24',NULL,1,NULL,'test name','Enter Address',190000000,160000000,110000250,0),(130000500,'14:05:13','Test City 2','2015-01-19',NULL,'2015-01-19',NULL,1,NULL,'Test Name 2','Test Address 2',190000000,160000001,110000250,0),(130000550,'06:38:15','kjhdajkh','2015-01-19',NULL,'2015-01-22',NULL,35,NULL,'jhdajkhd','kjdhakjhd',190000000,160000001,110000250,0),(130000600,'16:21:39','Enter City Name','2015-01-19',NULL,'2015-01-19',NULL,1,NULL,'Enter Event Name','Enter Address',190000000,160000000,110000250,0),(130000650,'03:17:37','Enter City Name','2015-01-19',NULL,'2015-01-30',NULL,35,NULL,'test test test','Enter Address',190000001,160000001,110000250,0),(130000700,'18:54:57','Milan','2015-01-19',NULL,'2015-01-19',NULL,46,NULL,'Event One','Via Vallazze 101',190000001,160000001,110000250,0),(130000701,'20:56:35','Milan','2015-01-19',NULL,'2015-01-19',NULL,25,NULL,'Event Two','Via Vallazze 101',190000000,160000000,110000250,0),(130000702,'20:57:43','Milan','2015-01-19',NULL,'2015-01-19',NULL,46,NULL,'Event Three','Via Vallazze 101',190000000,160000000,110000250,0),(130000703,'07:59:32','Milan','2015-01-19',NULL,'2015-01-20',NULL,65,NULL,'Event Four','Via Vallazze 101',190000001,160000001,110000250,0),(130000704,'15:00:43','Milan','2015-01-19',NULL,'2015-01-20',NULL,20,NULL,'Event 5','Via Vallazze 101',190000000,160000000,110000250,0),(130000705,'18:01:12','Milan','2015-01-19',NULL,'2015-01-20',NULL,100,NULL,'Event 6','Via Vallazze 101',190000001,160000000,110000250,0);
INSERT INTO weather_data (id_weather_data,cloud_percentage,date,w_hour,preasure,temperature,wind_speed,city,description,icon,code) VALUES (220000040,0,'2015-01-25','01:00:00',964.96,-0.85,1.23,'Madrid','sky is clear','01n',800),(220000053,0,'2015-01-23','01:00:00',994.88,-1.55,2,'Milan','sky is clear','01n',800),(220000054,44,'2015-01-23','04:00:00',993.93,-2.19,1.12,'Milan','scattered clouds','03n',802),(220000055,24,'2015-01-23','07:00:00',993.75,-2.36,1.4,'Milan','few clouds','02n',801),(220000056,0,'2015-01-23','10:00:00',994.36,0.54,1.37,'Milan','sky is clear','01d',800),(220000057,0,'2015-01-23','13:00:00',994.68,5.8,1.76,'Milan','sky is clear','01d',800),(220000058,0,'2015-01-23','16:00:00',994.63,6.07,1.07,'Milan','sky is clear','01d',800),(220000059,0,'2015-01-23','19:00:00',996.01,0.62,0.97,'Milan','sky is clear','01n',800),(220000060,0,'2015-01-23','22:00:00',997,-1.57,1.07,'Milan','sky is clear','01n',800),(220000061,0,'2015-01-24','01:00:00',997.24,-2.26,1.25,'Milan','sky is clear','01n',800),(220000062,0,'2015-01-24','04:00:00',996.77,-3.13,1.16,'Milan','sky is clear','01n',800),(220000063,0,'2015-01-24','07:00:00',996.62,-3.77,1.31,'Milan','sky is clear','01n',800),(220000064,0,'2015-01-24','10:00:00',997.13,-0.37,1.41,'Milan','sky is clear','01d',800),(220000065,32,'2015-01-24','13:00:00',994.71,4.31,1.87,'Milan','scattered clouds','03d',802),(220000066,80,'2015-01-24','16:00:00',992.57,4.13,1.2,'Milan','broken clouds','04d',803),(220000067,88,'2015-01-24','19:00:00',993.45,1.42,1.27,'Milan','overcast clouds','04n',804),(220000068,36,'2015-01-24','22:00:00',995.88,0.44,1.31,'Milan','scattered clouds','03n',802),(220000072,0,'2015-01-23','01:00:00',958.8,-4.96,1.6,'Madrid','sky is clear','01n',800),(220000073,0,'2015-01-23','04:00:00',959.32,-6.71,1.77,'Madrid','sky is clear','01n',800),(220000074,48,'2015-01-23','07:00:00',959.78,-6.39,1.75,'Madrid','scattered clouds','03n',802),(220000075,8,'2015-01-23','10:00:00',961.86,-2.18,1.62,'Madrid','sky is clear','02d',800),(220000076,0,'2015-01-23','13:00:00',962.91,5.99,4.06,'Madrid','sky is clear','01d',800),(220000077,0,'2015-01-23','16:00:00',962.61,6.53,4.57,'Madrid','sky is clear','01d',800),(220000078,0,'2015-01-23','19:00:00',964.15,1.06,3.02,'Madrid','sky is clear','01n',800),(220000079,0,'2015-01-23','22:00:00',965.39,-4.88,1.57,'Madrid','sky is clear','01n',800),(220000080,0,'2015-01-24','01:00:00',965.62,-7.11,1.2,'Madrid','sky is clear','01n',800),(220000081,0,'2015-01-24','04:00:00',965.48,-7.81,1.21,'Madrid','sky is clear','01n',800),(220000082,0,'2015-01-24','07:00:00',966.06,-7.79,1.31,'Madrid','sky is clear','01n',800),(220000083,0,'2015-01-24','10:00:00',967.06,-3.67,0.91,'Madrid','sky is clear','01d',800),(220000084,0,'2015-01-24','13:00:00',966.99,8.02,2.17,'Madrid','sky is clear','01d',800),(220000085,0,'2015-01-24','16:00:00',965.42,11.95,3.15,'Madrid','sky is clear','01d',800),(220000086,20,'2015-01-24','19:00:00',965.97,7.93,3.87,'Madrid','few clouds','02n',801),(220000087,20,'2015-01-24','22:00:00',966.95,4.93,3.91,'Madrid','few clouds','02n',801),(220000152,20,'2015-01-23','01:00:00',1015.14,26.13,6.56,'Barcelona','few clouds','02n',801),(220000153,24,'2015-01-23','04:00:00',1016.22,25.04,7.22,'Barcelona','few clouds','02n',801),(220000154,20,'2015-01-23','07:00:00',1015,24.22,5.91,'Barcelona','few clouds','02n',801),(220000155,0,'2015-01-23','10:00:00',1014.9,23.3,4.21,'Barcelona','sky is clear','01n',800),(220000156,8,'2015-01-23','13:00:00',1016.29,23.74,2.78,'Barcelona','sky is clear','02d',800),(220000157,0,'2015-01-23','16:00:00',1016.65,26.43,1.96,'Barcelona','sky is clear','01d',800),(220000158,8,'2015-01-23','19:00:00',1014.52,27.3,5.45,'Barcelona','sky is clear','02d',800),(220000159,8,'2015-01-23','22:00:00',1013.46,26.57,7.27,'Barcelona','sky is clear','02d',800),(220000160,20,'2015-01-24','01:00:00',1014.47,25.13,6.32,'Barcelona','few clouds','02n',801),(220000161,12,'2015-01-24','04:00:00',1015.62,24.44,6.8,'Barcelona','few clouds','02n',801),(220000162,0,'2015-01-24','07:00:00',1014.96,23.62,6.36,'Barcelona','sky is clear','01n',800),(220000163,0,'2015-01-24','10:00:00',1014.72,23.09,5.26,'Barcelona','sky is clear','01n',800),(220000164,0,'2015-01-24','13:00:00',1016.26,23.76,4.91,'Barcelona','sky is clear','01d',800),(220000165,0,'2015-01-24','16:00:00',1016.96,26.89,3.01,'Barcelona','sky is clear','01d',800),(220000166,12,'2015-01-24','19:00:00',1014.14,27.84,4.83,'Barcelona','few clouds','02d',801),(220000167,0,'2015-01-24','22:00:00',1012.7,27.86,5.46,'Barcelona','sky is clear','01d',800),(220000170,68,'2015-01-23','01:00:00',1023.01,-1.32,3.31,'Paris','broken clouds','04n',803),(220000171,88,'2015-01-23','04:00:00',1024.08,-1.13,3.12,'Paris','light snow','13n',600),(220000172,80,'2015-01-23','07:00:00',1024.81,-0.98,2.96,'Paris','broken clouds','04n',803),(220000173,76,'2015-01-23','10:00:00',1025.93,-0.7,2.66,'Paris','light snow','13d',600),(220000174,80,'2015-01-23','13:00:00',1026.99,0.31,2.08,'Paris','broken clouds','04d',803),(220000175,76,'2015-01-23','16:00:00',1026.71,0.28,1.96,'Paris','broken clouds','04d',803),(220000176,8,'2015-01-23','19:00:00',1026.92,-2.75,0.7,'Paris','sky is clear','02n',800),(220000177,0,'2015-01-23','22:00:00',1027,-5.46,1.32,'Paris','sky is clear','01n',800),(220000178,20,'2015-01-24','01:00:00',1025.9,-5.02,3.97,'Paris','few clouds','02n',801),(220000179,80,'2015-01-24','04:00:00',1023.32,-3.43,4.75,'Paris','broken clouds','04n',803),(220000180,92,'2015-01-24','07:00:00',1020.88,-0.78,5.71,'Paris','overcast clouds','04n',804),(220000181,80,'2015-01-24','10:00:00',1021.93,3.99,6.56,'Paris','broken clouds','04d',803),(220000182,48,'2015-01-24','13:00:00',1023.72,5.33,7.81,'Paris','scattered clouds','03d',802),(220000183,36,'2015-01-24','16:00:00',1025.79,5.07,7.31,'Paris','scattered clouds','03d',802),(220000184,48,'2015-01-24','19:00:00',1028.81,3.07,6.03,'Paris','scattered clouds','03n',802),(220000185,32,'2015-01-24','22:00:00',1030.94,1.96,5.01,'Paris','scattered clouds','03n',802),(220000188,68,'2015-01-23','01:00:00',1038.98,14.26,8.96,'Lisabon','broken clouds','04n',803),(220000189,92,'2015-01-23','04:00:00',1039.16,14.14,8.47,'Lisabon','overcast clouds','04n',804),(220000190,80,'2015-01-23','07:00:00',1039.48,14.04,8.16,'Lisabon','broken clouds','04n',803),(220000191,48,'2015-01-23','10:00:00',1040.76,14.02,7.51,'Lisabon','scattered clouds','03d',802),(220000192,12,'2015-01-23','13:00:00',1041.74,14.36,7.28,'Lisabon','few clouds','02d',801),(220000193,68,'2015-01-23','16:00:00',1040.89,14.36,7.36,'Lisabon','broken clouds','04d',803),(220000194,68,'2015-01-23','19:00:00',1041.27,14.3,8.15,'Lisabon','broken clouds','04n',803),(220000195,80,'2015-01-23','22:00:00',1042.24,14.34,7.37,'Lisabon','broken clouds','04n',803),(220000196,92,'2015-01-24','01:00:00',1042.43,14.41,6.82,'Lisabon','overcast clouds','04n',804),(220000197,88,'2015-01-24','04:00:00',1041.72,14.34,8.5,'Lisabon','overcast clouds','04n',804),(220000198,76,'2015-01-24','07:00:00',1041.55,14.47,9.06,'Lisabon','broken clouds','04n',803),(220000199,36,'2015-01-24','10:00:00',1042.6,14.34,9.61,'Lisabon','scattered clouds','03d',802),(220000200,0,'2015-01-24','13:00:00',1043.25,14.56,7.86,'Lisabon','sky is clear','01d',800),(220000201,0,'2015-01-24','16:00:00',1042.25,15.24,5.56,'Lisabon','sky is clear','01d',800),(220000202,0,'2015-01-24','19:00:00',1042.27,15.57,4.93,'Lisabon','sky is clear','01n',800),(220000203,0,'2015-01-24','22:00:00',1043.34,14.91,5.66,'Lisabon','sky is clear','01n',800);
INSERT INTO invitations (id_invitation,owner_event,event_status,owner_user) VALUES (170000059,130000150,150000000,200000001),(170000060,130000150,150000000,200000003),(170000061,130000150,150000000,200000200),(170000100,130000201,150000000,200000100),(170000101,130000201,150000000,200000200),(170000102,130000201,150000000,200000005),(170000103,130000201,150000000,200000003),(170000155,130000250,150000000,200000003),(170000156,130000250,150000000,200000100),(170000157,130000250,150000000,200000200),(170000158,130000250,150000000,200000250),(170000200,130000300,150000000,200000004),(170000201,130000300,150000000,200000005),(170000202,130000300,150000000,200000006),(170000250,130000350,150000000,200000001),(170000251,130000350,150000000,200000002),(170000303,130000500,150000000,200000001),(170000304,130000500,150000000,200000003),(170000305,130000500,150000000,200000004),(170000306,130000500,150000000,200000006),(170000350,130000550,150000000,200000005),(170000351,130000550,150000000,200000006),(170000400,130000650,150000000,200000004),(170000401,130000650,150000000,200000005),(170000402,130000650,150000000,200000006),(170000450,130000700,150000000,200000001),(170000451,130000700,150000000,200000002),(170000452,130000700,150000000,200000003),(170000453,130000701,150000000,200000001),(170000454,130000701,150000000,200000002),(170000455,130000701,150000000,200000003),(170000456,130000702,150000000,200000001),(170000457,130000702,150000000,200000002),(170000458,130000702,150000000,200000003),(170000459,130000703,150000000,200000001),(170000460,130000703,150000000,200000002),(170000461,130000703,150000000,200000003),(170000462,130000704,150000000,200000001),(170000463,130000704,150000000,200000002),(170000464,130000704,150000000,200000003),(170000465,130000705,150000000,200000001),(170000466,130000705,150000000,200000002),(170000467,130000705,150000000,200000003);
INSERT INTO notification (id_notification,description,owner) VALUES (230000000,'Event Rescheduled',200000001),(230000050,'Event Canceled',200000250),(230000100,'Event Canceled',200000250);